한국,표준,과학,연구원,연구,정전기,공중부양,장치,사용,콜로이드,결정,과정,분석,한국,표준,과학,연구원,제공,소금,방법,바닷물,증발,것,수분,물,소금,결정,액체,기체,상태,질서,입자,고체,현상,결정화,결정,과정,관찰,분석,소재,개발,수,한국,표준,과학,연구원,소재,융합,측정,연구소,추정,연구,팀,밀리미터,크기,콜로이드,공중,결정,과정,실시간,관찰,방법,개발,일,발표,콜로이드,입자,혼합물,말,우유,혈액,마요네즈,등,콜로이드,표준,과학,연구원,연구,팀,콜로이드,공중,증발,실시간,결정,과정,관찰,데,성공,정전기,공중부양,장치,이,전극,사이,중력,극복,만,전압,물체,부양,장치,미국,항공우주국,일본,우주,항공,연구,개발,기구,독일,항공우주,연구소,등,보유,첨단,장비,표준,연,년,정전기,공중부양,장치,자체,개발,당초,온도,이상,초고온,금속,액체,극한,물,연구,고체,금속,탄생,과정,추적,개발,이번,연구,대상,화학,공학,분야,확장,연구,팀,관계자,정전기,공중부양,장치,이용,콜로이드,공중,구형,구형,표면,전체,물,증발,결정화,균일,진행,설명,구형,액체,부피,측정,결정화,조절,핵심,요소,층,밀도,물질,부피,가운데,입자,차지,부피,비율,계산,수,통상,콜로이드,연구,페트리,접시,등,용기,사용,방법,용기,접촉,부,물질,변질,수,결정,메커니즘,파악,데,한계,이수형,극한,추정,연구,팀,책임,연구원,콜로이드,입자,성질,파악,결정,현상,제어,성질,소재,개발,수,표면,페인트,체내,흡수,약물,등,개발,단초,것,한국,원자력,연구원,방사성,물질,세슘,수,소재,개발,소식,이날,속,외부,표면적,겹꽃,모양,나노,흡착제,개발,방사성,폐기물,내,세슘,효율,세슘,화학,거동,나트륨,칼륨,등,이온,때문,세슘,선택,다량,제거,기술,세계,원자력,업계,화두,원자력,연구원,티타늄,페로,시아나이드,겹꽃,모양,표면,나노,흡착제,제작,칫솔,모,때,양치질,것,원리,일본,후쿠시마,원전,사고,수습,사용,이타노,실리케이트,세슘,제거,속도,배,원자력,연,국내,미국,유럽,연합,일본,등,소재,제조,기술,특허,출원,준비,중,이해,기자,한국,경제,무단,전재,배포,금지
최근,정부,대형,가속기,장기,로드맵,국가,과학,기술,심의회,통과,차세대,다목,방사광,가속기,세대,원형,방사광,가속기,구축,사업,본궤도,강원,춘천,경북,포항,충북,청주,전남,나주,등,개,지자체,치열,유치,전,가운데,과학,기술,정보,통신부,일,용지,선정,완료,이달,중,사업,예비,조사,신청,계획,세대,원형,방사광,가속기,구축,안,연내,예타,통과,실제,건설,가속기,년,년,간,설계,건설,기간,년,본격,가동,향후,한국,세계,최고,성능,방사광,가속기,기초,과학,신약,개발,소재,부품,개발,등,산업,경쟁력,수,것,기대,방사광,가속기,빛,속도,가속,전자,자기장,속,때,빛,방사광,이용,각종,물질,분석,첨단,연구,장비,적외선,가시광선,자외선,선,파장,빛,수,빛,공장,연구자,분석,대상,원,파장,빛,선택,각종,실험,수,세대,원형,방사광,가속기,생성,빛,밝기,태양,빛,억,배,원자,수백,나노미터,억,분,수준,미세,구조,선명,수,특성,덕분,방사광,가속기,최근,코로나,팬데,믹,세계,대유행,백신,치료제,개발,세계,연구자,도움,수,월,중국,호고,등,연구원,연구,진,상하이방,사광,가속기,코로나,바이러스,인체,세포,침투,때,사용,스파이크,단백질,입체,구조,처음,국제,학술지,사이언스,발표,바이러스,변형,상호,작용,사람,호흡기,세포,결합,규명,것,이,코로나,치료제,개발,중요,단서,수,년,유행,신종,플,치료제,타미,플,미국,스탠퍼드,방사광,가속기,이용,인플루엔자,바이러스,단백질,구조,분석,덕분,탄생,수,발기부전,치료제,아그라,방사광,가속기,도움,개발,것,미국,브룩헤이븐,국립,연구소,국립,방사광,가속기,영국,다이아몬드,방사광,가속기,등,코로나,관련,실험,진행,중,방사광,가속기,연구,성과,산업,판도,영향,지난해,일본,수출,규제,품목,지정,삼성전자,등,국내,반도체,업계,타격,극자외선,포토레지스트,대표,감광액,포토레지스트,반도체,제조,공정,필수,소재,일본,방사광,가속기,생성,이용,지속,포토레지스트,품질,세계,기술,경쟁력,확보,과학,기술,인사,일본,수출,규제,사태,방사광,가속기,도입,급물살,것,말,방사광,가속기,자동차,배기가스,저감,촉매,개발,지진,연구,우주,미세먼지,분석,원자,분광학,등,활용,수,국내,포항,가속기,연구소,세대,원형,방사광,가속기,세대,선형,선,방사광,가속기,수요,충족,역부족,과기,정통부,최근,년,간,국내,방사광,가속기,수요,대비,지원,공급,지속,하락,지난해,기업,전체,수요,시간,절반,밖,사용,년,도입,년,차례,업그레이드,해외,장비,성능,단일,파장,에너지,선,레이저,생성,수,활용,분야,제한,점,한계,고인수,포항,가속기,연구,소장,세대,세대,원형,방사광,가속기,구조,목적,세포,원자,등,스냅샷,데,유리,세대,원형,방사광,가속기,물질,미세,구조,관찰,데,유리,설명,설치,빔,라인,실험실,개,동시,개,실험,수,구축,세대,원형,방사광,가속기,세계,최고,수준,성능,기획,빛,세기,결정,빔,에너지,기존,세대,기가전자볼트,이,빛,밝기,세대,배,햇빛,억,배,해당,밝기,빛,집속,크기,의미,빔,미,스도,세대,이하,손실,빛,양,현존,세대,원형,방사광,가속기,중,최고,성능,평가,스웨덴,급,맥스,효율,배,이상,수준,소장,세대,빛,집,속도,손실,빛,세대,원형,방사광,가속기,생성,빛,대부분,수,설명,세대,연구용,연,선,생성,가능,반면,세대,원형,방사광,가속기,의료,산업용,선,수,동시,운용,가능,실험실,수,의미,빔,라인,세대,개,빔,라인,운용,세대,원형,방사광,가속기,개,빔,라인,순차,설치,예정,빔,라인,최대,개,수,과기,정통부,관계자,초기,빔,라인,개,설치,산업,지원,기업,과학,연구용,운용,추후,수요,반영,빔,라인,계획,세대,원형,방사광,가속기,구축,사업,예산,조,원대,국비,억,원,내외,투입,지자체,억,원,상당,토지,만,제공,예정,한국,기초,과학,지원,연구원,세대,원형,방사광,가속기,수,경제,효과,생산,유발,조,억,원,부가,가치,창출,조,억,원,등,조,억,원,고용,창출,만,명,전망,과학,전문가,최근,지자체,간,차세대,방사광,가속기,유치,전이,과열,양상,것,관련,우려,표명,한,기계,인사,방사광,가속기,어디,국가,경쟁력,제고,첨단,과학,연구,장비,일부,지자체,과학,기술,지역,균형,발전,정치,가속기,본연,목적,정치,목적,산업,학계,연구자,지원,수,지반,안정,접근성,곳,것,강조,성능,가속기,기초,과학,실력,각국,자존심,시설,구축,박차,학계,산업,대형,가속기,이용,과학,기술,성과,경제,효과,세계,각국,이전,성능,가속기,구축,치열,경쟁,한국,년,도입,목표,세대,원형,방사광,가속기,보유,국가,스웨덴,브라질,유럽,연합,스웨덴,룬드,스칸디나비아,과학,마을,위치,맥스,둘레,빔,에너지,기가전자볼트,세대,원형,방사광,가속기,년,도입,년,브라질,상파울루,완공,시리우스,둘레,급,올해,하반기,본격,가동,목표,프랑스,그르노블,위치,세대,유럽,방사광,가속기,지난해,말,세대,업그레이드,시운전,중,구축,단계,세대,원형,방사광,가속기,중국,베이징,년,완공,목표,둘레,급,에너지,방사광,가속기,건설,중,중심,거대,과학,타운,조성,일본,둘레,급,세대,원형,방사광,가속기,신규,건설,추진,중,밖,미국,일본,영국,독일,기존,가속기,시설,개조,세대,원형,방사광,가속기,구축,사업,추진,중,한국,세대,원형,방사광,가속기,둘레,빔,에너지,계획,빔,에너지,빛,수,상대,빛,효율,에너지,영역,대,관측,정밀도,때문,일본,세대,원형,방사광,가속기,이화학연구소,스프링,세대,업그레이드,빔,에너지,빔,에너지,가속기,크기,때문,건설,경우,비용,시간,소요,년,한국,미국,일본,세계,번,세대,선형,선,방사광,가속기,완공,바,방사광,가속기,외,양성자,속기,중,이온,가속기,중입자,속기,등,성능,대형,가속기,정부,내년,경북,경주,한국,원자력,연구원,양성자,속기,성능,기존,급,급,사업,추진,계획,우라늄,기준,급,중,이온,가속기,내년,말,탄소,핵,기준,급,중입자,속기,년,대전,부산,완공,예정,송경,기자
앤드류,입,제작,총괄,온라인,간담회,발표,파이낸셜,뉴스,전략,카드,게임,레전드,오브,테라,베일,마켓,위,차지,기염,라이엇,게임즈,일,정식,출시,그간,오픈,베타,서비스,제공,버전,이틀,월,일,정식,판,이번,처음,공개,모바일,버전,이날,출시,앞,모바일,모두,플레이,수,모바일,앱,일,앱,스토어,구글,플레이,양대,마켓,공식,오픈,전,사전,등록,시간,동안,인기,게임,차트,위,기록,모바일,앱,스토어,구글,플레이,무료,다운로드,수,모바일,플랫폼,간,크로스,플레이,지원,라이엇,계정,어디,계정,게임,수,개발,단계,모바일,버전,호환,고려,인터페이스,개발,기존,플레이어,모바일,인터페이스,적응,수,것,기대,데이브,거스,킨,시니어,게임,디자인,매니저,일,열,린,칭,기념,온라인,기자,간담회,모바일,게임,성장,때문,사람,경험,선사,비지니스,모델,창의,방식,유지,것,말,아트워크,앤드류,입,제작,총괄,디자인,디렉터,기존,플레이어,개선,경험,선사,것,중요,신규,플레이어,진입,중요,파도,가지,시도,신규,플레이어,메커니즘,수,플레이어,도입,확장팩,낼,때,기능,추가,예정,말,한편,라이엇,게임즈,대표작,리그,오브,레전드,세계관,룬,테라,배경,챔피언,등장,지난해,월,출시,주년,기념,행사,최초,소개,월,말,버전,실시,적극,플레이어,의견,수렴,플레이,최소,사양,버전,윈도우,이상,램,이상,맥,지원,모바일,버전,최소,사양,안드로이드,이상,램,이상,애플,이상,권장,데이브,거스,킨,시니어,게임,디자인,매니저,온라인,간담회,발표,김아름,기자
역류,식도염,환자,식도,위,내시경,검사,서울,아산,병원,제공,최근,직장,생활,대,여성,친구,역류,식도염,때문,신종,코로나,바이러스,감염증,코로나,시대,하소연,말,기침,때문,주변,눈총,데,감기,설명,것,국내,역류,식도염,환자,년,만,명,지난해,만,명,이,정도,사람,섭취,음식물,식도,위,위,번,내용물,식도,역할,괄약근,괄약근,기능,위,속,물질,식도,통증,염증,것,이,역류,식도염,역류,식도염,일반,증상,가슴뼈,뒤쪽,것,느낌,호전,악화,반복,수,음식물,때,곤란,흉부,음식,것,느낌,호소,경우,구토,구역,등,증상,인두,기능,영향,때문,만성,기침,기관지,천식,충치,잇몸,질환,원인,군요,역류,식도염,증가,현대인,식습관,관련,야식,과식,후,괄약근,압력,음식,음주,흡연,등,주요,원인,생활,습관,사람,때문,역류,식도염,당뇨,혈압,관리,것,중요,역류,식도염,예방,치료,일상,생활,조절,것,중요,담배,금연,커피,콜라,오렌지,주스,토마토,주스,등,역류,식도,질환,증상,유발,음료,음식,위,속,역류,가능,때문,것,잠,때,상체,부위,옷,식후,이정훈,서울,아산,병원,소화기,내과,교수,생활,습관,변화,환자,약물,요법,생활,습관,것,필수,초기,생활,습관,변화,증상,약물,치료,역류,위산,농도,방법,소화성,궤양,때,약,약물,요법,식생활,변경,조절,약물,요법,효과,약,수,경우,부식,괄약근,수술,수술,치료법,내시경,치료법,고려,역류,식도염,상태,지속,식도,협,수,밖,식도,하부,상피,염증,변형,바렛,식도,발생,경우,식도,상피,암,바렛,식도,치료,식,도선암,발생,것,바렛,식도,진단,정기,검사,한국,경제,무단,전재,배포,금지
연휴,지난달,일,김포,공항,승객,연합뉴스,서울경제,신종,코로나,바이러스,감염증,코로나,이용객,여행,애플리케이션,황금연휴,특수,일,모바일,빅,데이터,업체,아이지,이웍스,모바일,인덱스,여행,서비스,제공,마이,리얼,트립,앱,월,주,월,일,일,주간,활성,사용자,수,월,주,월,일,월,일,증가,기간,숙박,앱,놀자,여기,때,주,동안,해당,서비스,번,이상,중복,사용,수,코로나,숙박,예약,앱,용객,지난달,일,시작,이번,연휴,급반등,것,항공,앱,회복세,이용자,수,항공,아시아나항공,제주항공,스카이,스캐너,증가,차량,앱,사용,롯데,렌터카,사용,차량,공유,앱,쏘,카,린카,가량,네이버,지도,티맵,카카오,내비,등,내비게이션,앱,상승세,아이지,이웍스,측,코로나,대중교통,대신,자차,렌터카,이동하,자차,족,사회,거리,두기,장기,피로감,외출,자제,사람,자가용,이용,나들이,등,생활,수치,반영,것,백주원,기자
뉴스,송,혜리,기자,신종,코로나,바이러스,감염증,코로나,여파,소비,심리,위축,우울,분기,이동,통신,사,세대,통신,갤럭시,공시,지원금,상향,가입자,유치,전,재개,일,업계,이통,사,이날,갤럭시,공시,지원금,만,원,최대,만,원,갤럭시,시리즈,인치,인치,플러스,인치,울트라,등,종,월,일,공식,판매,시작,출고가,만,천,원,텔레콤,블루,레드,유,플러스,핑크,색상,등,단독,모델,이통,사,전작,갤럭시,출시,당시,최대,만,원,대,제공,공시,지원금,갤럭시,최대,만,원,판매,실적,저조,여기,코로나,확산,소비,심리,위축,갤럭시,판매량,갤럭시,수준,것,업계,추산,이번,이통,사,공시,지원금,경쟁,가입자,경쟁,점,전망,내달,삼성전자,중저가,단말,출시,전,갤럭시,소진,이번,공시,지원금,인상,주효,것,관측,출처,아이,뉴스,공시,지원금,제공,회사,유,플러스,만,만,원,갤럭시,공시,지원금,만,만,원,대,유,플러스,라이트,시니어,청소년,만,천,원,스탠더드,만,천,원,스마트,만,원,프리미어,레귤러,만,원,제공,텔레콤,갤럭시,전자,공시,지원금,갤럭시,슬림,요금제,만,천,원,스탠다드,만,원,프라임,만,원,플래티넘,만,원,제공,큐,슬림,요금제,만,원,스탠더드,만,원,지원,슬림,만,원,슈퍼,플랜,베이직,플러스,만,원,스페셜,플러스,만,원,프리미엄,플러스,만,원,제공,송,혜리,기자
서울,신문,나우,뉴스,켄타우로스,콘셉트,이미지,태양계,개,행성,위성,이외,소행,혜성,행성,가운데,정확,분류,천체,존재,목성,해왕,궤도,사이,미스터리,천체,켄타우로스,사례,사람,상반신,말,하반신,신화,존재,켄타우로스,혜성,활동,소행성,천체,정확,분류,기원,논쟁,일부,과학자,태양계,외곽,지역,오르트,구름,기원,주장,오르트,구름,기원,혜성,특징,과학자,지름,이상,크기,켄타우로스,만,개,정도,것,추정,프랑스,국립,과학,센터,브라질,상파울루,주립,대학,국제,과학자,팀,개,켄타우로스,태양계,행성,기원,연구,결과,영국,왕립,천,문학회,월보,발표,연구,팀,켄타우로스,가운데,태양계,기원,개,공전,궤도,확인,시뮬레이션,이,기원,규명,결과,가능,시나리오,억,년,전,태양계,형성,시점,태양계,옆,외계,행성,천체,태양계,중력,포획,태양,주변,궤도,공전,경우,켄타우로스,개념,행성,소행성,혜성,등,태양계,기원,천체,억,년,전,원시,태양,주변,형성,가스,먼지구름,원시,행성,원반,탄생,크기,구성,공전,궤도면,반면,이번,연구,지목,개,켄타우로스,태양계,천체,공전,궤도,수직,방향,태양,주변,공전,태양계,초기,원시,행성,원반,궤도,켄타우로스,행성,소행,혜성,해당,천체,태양계,거리,과정,태양계,포획,태양계,천체,것,만약,연구,결과,과학자,외계,행성,연구,절호,기회,무아,보리소프,외계,기원,것,천체,태양계,방문,속도,태양계,때문,관측,가능,반면,켄타우로스,태양계,내부,천체,때문,탐사선,관측,수,당장,탐사선,발사,계획,과학자,미스터리,천체,탐사선,정확,기원,외계,행성,연관,확인,것,그때,상상,의외,사실,고든,정,칼럼니스트
전자,전자,분기,매출,영업,이익,미국,월,풀,세계,위,업체,작년,상반기,기준,월,풀,세계,위,하반기,위,바,정상,재탈환,전자,일,현지,시각,월,분기,매출,억,만,달러,조,억,원,영업,이익,억,만,달러,억,원,일,발표,전자,생활,가전,부문,분기,매출,조,억,원,영업,이익,억,원,전자,매출,억,원,영업,이익,억,원,정도,생활,가전,제외,냉장고,세탁기,에어컨,가스레인지,오븐,등,주방,기구,등,통칭,말,백색가전,업계,전자,가전,모터,인버터,등,핵심,부품,투자,집중,기술력,공기,청정기,건조기,류관,리기,등,가전,고,프리미엄,가전,출시,제품,라인업,확장,것,주효,전자,인공지능,세탁기,트,롬,세탁기,큐,전자,상반기,위,유지,가능,전자,생활,가전,사업,부,작년,분기,사상,처음,매출,기준,월,풀,작년,분기,월,풀,전자,년,영업,이익,기준,세계,위,차지,매출액,기준,정상,차지,것,작년,처음,하반기,월,풀,위,자리,전체,매출,중,절반,가량,미국,월,풀,미국,연말,블랙,프라이데이,효과,하반기,실적,역전,월,풀,전체,매출,중,미국,시장,비중,이상,반면,전자,정도,가전,업계,올해,상반기,전자,월,풀,제,것,미국,내,코로나,바이러스,사태,장기,미국,의존도,월,풀이,타격,것,전망,때문
지성호,미래한국,당선인,연합,뉴스,제공,탈북자,출신,총선,미래한국,비례,대표,당선,지성호,당선인,일,북한,김정은,국무,위원장,건강,상설,관련,김,위원장,사망,확신,말,일,연합뉴스,보도,당선인,김,위원장,혈관,질환,수술,후,주말,사망,것,확인,말,말씀,정도,후계,문제,것,설명,그,북한,김,위원장,사망,소식,이번,주말,발표,것,예측,지,당선인,과거,김일성,김정일,유고,발표,때,이번,주말,북한,김정은,사망,발표,발표,후계,문제,관련,내홍,것,언급,그,김,위원장,여동생,김여정,노동당,부,부장,후계자,가능,김,부부,장,교통정리,수준,김정일,국방,위원장,이복동생,김평일,전,체코,주재,대사,경우,북한,사이,김정은,사람,숙청,후계자,것,전망,당선인,김,위원장,사망,충격,대비,우리,준비,것,말,청와대,김,위원장,신변,이상,기존,입장,확인,청와대,핵심,관계자,이날,오후,기자,김,위원장,동향,파악,물음,특이,동향,식별,답변,청와대,입장,김,위원장,건강,상설,제기,지난달,일,상황,한편,도널드,트럼프,미국,대통령,일,현지,시간,김정,북한,국무,위원장,건강,상설,관련,일,진행,이해,말,수,말,즉답,트럼프,대통령,나,것,나,상황,이해,말,여운,임재섭,기자
파이낸셜,뉴스,베스,파가,자사,대표작,모바일,킹스,레이드,확장,애니메이션,킹스,레이드,지,자,영상,일,공개,베스,일본,현지,법인,하이브,애니메이션,킹스,레이드,지,자,제작,위원회,구성,공동,기획,작품,포켓몬스터,요괴,워치,등,애니메이션,제작,선라이즈,비욘,드가,애니메이션,제작,담당,선라이즈,비욘,신생,애니메이션,제작사,건담,버즈,기동전,사,건담,철혈,오펜스,헌트,등,작품,제작,중,감독,호시노,마코토,각본,시즈미,메구미,음악,감독,쿠다,마사히로,등,일본,내,애니메이션,드라마,스텝,구성,작품,기대감,이날,공개,킹스,레이드,애니메이션,메인,이미지,주인공,카셀,검,캐릭터,의문,캐릭터,게임,등장,바,애니메이션,오리지널,캐릭터,이유,주인,공,카셀,대립,게임,애니메이션,스토리,귀추,주목,킹스,레이드,지,자,프로모션,비디오,유저,카셀,프레이,로이,클레오,주인공,인방,애니메이션,오리지널,캐릭터,게임,내,등장,영웅,애니메이션,장르,평가,베스,파,애니메이션,프로젝트,총괄,이원석,베스,파,야심,준비,킹스,레이드,애니메이션,단순,게임,홍보,수단,제작,것,킹스,레이드,지,자,스토리,각색,캐릭터,설정,등,하나,애니메이션,작품,퀄리티,고심,앞,베스,현재,만족,미래,시장,고민,실험,계속,말,킹스,레이드,애니메이션,가을,일본,현지,방송,방영,예정,애니메이션,공식,홈페이지,공식,애니메이션,정보,순차,공개,방침,김아름,기자
올해,모바일,용,리,지드,유기,발광,다이오드,시장,위축,전망,코로나,팬데,믹,세계,유행,영향,스마트폰,물량,데,플렉시블,기판,탑재,제조사,때문,일,디스플레이,전문,시장,조사,업체,스톤,파트,너스,대표,배,훈,올해,세계,스마트폰,시장,규모,억,만,대,규모,추산,작년,억,대,비교,감소,최근,세계,각국,확산,코로나,제품,출시,일정,판매,계획,영향,것,예상,스톤,파트,너스,스마트폰,시장,코로나,사태,영향,상황,최근,개월,간,제조사,계획,변경,설명,게티,이미지,뱅크,중,저,스마트폰,탑재,리,지드,탑재,스마트폰,시장,올해,억,만,대,규모,예상,작년,억,만,대,만,대,이상,축소,중국,화웨이,샤오미,등,주요,업체,달러,스마트폰,제품,액정,표시,장치,카메라,모듈,구멍,홀,패널,적극,채용,경향,때문,중고,제품군,플렉시블,리,지드,대체,것,시장,축소,요인,플렉시블,패널,탑재,스마트폰,시장,지속,상승세,년,억,만,대,올해,억,만,대,확대,것,스톤,파트,너스,애플,하반기,플렉시블,패널,적용,모델,종,출시,예정,안드로이드,운용,체계,중고,스마트폰,플렉시블,선호,분석,한편,전체,스마트폰,시장,패널,적용,규모,소폭,감소,년,억,만,대,올해,만,대,감소,억,만,대,수준,형성,것,예상,윤희석,기자
지디,넷,코리아,선민,규,기자,코로나,글로벌,스마트폰,시장,침체,가운데,중국,시장,회복,조짐,반면,미국,월,스마트폰,판매량,급감,등,글로벌,시장,내,온도,차,일,시장,조사,기관,분석,올해,전,세계,스마트폰,시장,전년,대비,억,천,만,대,단말기,출하,것,전망,이,지난해,월,스마트폰,시장,장치,하향,조정,수,지역,북미,감소,아시아,태평양,감소,유럽,중동,감소,중,남미,감소,등,전망,지역,스마트폰,시장,침체,코로나,발원지,피해,중국,스마트폰,시장,회복세,것,중국,정보,통신,기술,연구원,중국,스마트폰,판매량,월,코로나,확산,급감,월,하락,폭,둔화,시작,월,중국,내,스마트폰,출하량,천,만,대,집계,이,지난해,기간,하락,수,전월,수,현지,코로나,확산,세,소비,심리,회복,것,배경,풀이,중국,내,스마트폰,시장,회복,것,예측,정보,통신,기획,평가,원,코로나,위축,소비,촉진,중국,스마트폰,업체,중저가,스마트폰,출시,준비,중,현지,정부,침체,내수,소비,활성,전자,상품권,발급,등,지원,책,마련,지역,스마트폰,시장,반,등,회복세,예상,반면,미국,경우,월,이후,스마트폰,판매량,감소,본격,월,시작,코로나,확진,스마트폰,시장,침체,직접,영향,것,풀이,시장,조사,기관,카운터포인트,리서치,월,셋째,주,스마트폰,출하량,전월,대비,감소,넷째,주,하락,것,현지,코로나,확진,이동,통신사,오프라인,매장,등,유통망,축소,것,원인,지목,코로나,발생,초기,월,중국,내,생산,차질,문제,미국,내,영향,월,첫째,주,미국,내,확진,스마트폰,판매,영향,발생,소비자,측면,경제,증가,실직,수입,감소,이동,제한,등,영향,스마트폰,구매,어려움,수요,감소,발생,판매,급감,것,풀이,분석,선민,규,기자
방역,당국,신종,코,바이러스,감염증,코로나,감염,지,채,회복,사례,것,추정,감염자,조사,실시,계획,정은경,중앙,방역,대책,본부,장,일,충북,오송,질병관리본부,정례,브리핑,일반,인구,대상,항체,양성,확인,면역,조사,기획,방역,당국,국내,코로나,전파,확산,파악,인구,면역,조사,시행,계획,인구,면역,조사,코로나,감염,질환,뒤,면역,인구,파악,것,말,국민,중,사람,바이러스,무력,항체,형성,여부,평가,것,정,본부,장,국민,건강,영양,조사,연계,검사,기획,하나,특별,재난,지역,선포,대구,경북,등,지역,사회,감염,발생,지역,중심,인구,집단,대비,항체,검사,기획,중,설명,경증,무증상,경우,코로나,특성,저희,발견,감염자,상당수,것,예측,설명,우리,나라,문제,세계,상황,만큼,국가,발표,인구,집단,대비,항체,검사,결과,확진,환자,배,이상,감염자,것,말,방역,당국,항체,검사,감염자,실제,확진,차이,등,확인,계획,정,본부,장,확진,검사,체계,채,감염,면역,획득,가능,확진,것,차이,정도,양성,등,검사,결과,후,정확,해석,평가,대책,말씀,것,김수연,기자
지디,넷,코리아,주,문정,기자,우리,정부,싱가포르,캐나다,호주,뉴질랜드,필수,인력,동,원활,글로벌,공급,망,흐름,보장,합의,유명희,산업,통상,자원,부,통상,교섭,본부,장,일,싱가포르,캐나다,호주,뉴질랜드,장관,화상,통상,장관,회의,상품,서비스,흐름,필수,인력,동,행동,계획,공동,각료,선언문,채택,회의,춘,싱,싱가포르,통상,산업,부,장관,메리,캐나다,국제,무역,부,장관,사이먼,버밍엄,호주,통상,투자,관광부,장관,데이비드,파커,뉴질랜드,역수,출진,흥부,장관,참석,우리,정부,주도,개최,개국,화상,통상,장관,회의,정상,회의,우리,측,제안,반영,통상,장관,회의,공동,성명,구체,노력,일환,주요,국,장관,급,양자,접촉,계기,유사,입,장국,공조,이니셔티브,확산,공감대,바탕,마련,유명희,산업,통상,자원,부,통상,교섭,본부,장,일,서울,남대문,상,회의실,싱가포르,호주,캐나다,뉴질랜드,통상,장관,상품,서비스,흐름,필수,인력,원활,등,논의,코로나,관련,개국,화상,통상,장관,회의,주재,채택,공동,각료,선언문,글로벌,공급,망,흐름,보장,필수,인력,동의,원활,무역,투자,부정,영향,최소,등,코로나,무역,투자,영향,최소화,구체,행동,계획,포함,개국,글로벌,공급,망,흐름,보장,육,해운,항공,등,운송,물류,원활,화물,운영,항공기,추가,활용,모색,통관,시간,단축,행정,부담,경감,통관,절차,신속,전자,방식,활용,통관,원활,등,필수,인력,동,원활,기업인,비즈니스,출장,등,글로벌,공급,망,유지,목적,필수,인력,국경,간,이동,허용,가이드라인,도입,등,논의,무역,투자,부정,영향,최소,무역,투자,영향,조치,도입,경우,영향,국가,세계무역기구,조치,관련,정보,제공,유,본부,장,공동,각료,선언문,채택,관련,코로나,비상,상황,국가,간,경제,활동,유지,수,상품,서비스,인력,필수,흐름,데,국가,간,목소리,것,자유,무역,위협,지금,통상,환경,의미,일,산업,부,각료,선언문,구체,행동,계획,주요,국과,양자,교섭,시,논의,기초,활용,수,아시아,태평양,경제,협력체,등,다자,협의,체,관련,논의,기반,것,기대,유,본부,장,앞,각료,선언문,코로나,유사,비상,상황,발생,상품,서비스,인력,필수,흐름,보장,위기,대응,매뉴얼,기반,수,것,언급,개국,통상,장관,각료,선언문,참여국,확대,합의,내용,등,다자,차원,확산,수,향후,소통,협력,지속,문정,기자
연휴,첫날,일,오후,서울대,공원,나들이객,연합뉴스,경기,양시,거주,직장,김,씨,일,아침,인근,위치,대,쇼핑,복합,시설,동안,신종,코로나,바이러스,감염증,코로나,여파,날,집안,해소,외출,그,개장,시간,시,도착,쇼핑,시설,사람,입구,줄,코로나,때문,조심,건,단계,것,연휴,첫날,어제,강원도,당일치기,여행,말,코로나,확산,세,둔화,나들이객,최근,코로나,확진,증가세,데,날씨,징검다리,황금연휴,월,일,월,일,야외,활동,모양새,분위기,국내,만,명,차량,운행,사용,중,텔레콤,길,안내,응용,소프트웨어,앱,맵,통계,확인,일,텔레콤,주말,지난달,일,맵,길,안내,요청,건수,만,건,지난해,월,마지막,주,주말,수준,회복,기간,용자,상위권,위,목적지,스타,필드,세계,아울렛,등,대형,쇼핑몰,차지,텔레콤,관계자,코로나,발생,이후,감염,우려,탓,감소,실내,쇼핑몰,목적지,설정,건수,예년,수준,저작,한국일보,기간,맵,최다,설정,목적지,순위,이,정부,강,사회,거리,두기,월,데이터,월,주말,평균,맵,이용,건수,지난해,평균,만,건,나,목적지,평상시,차이,월,최다,설정,목적지,위,곳,중,곳,서울,아산,병원,위,삼성,서울,병원,위,연세대,세브,란스,병원,위,서울,대학교,병원,위,등,때문,지난해,월,당시,위,내,목적지,설정,병원,곳,삼성,서울,병원,위,시점,대비,결과,텔레콤,월,이동,인구,눈,증가세,분석,텔레콤,관계자,코로나,확산,세,사회,거리,두기,완화,분위기,속,동량,것,추세,라면,동량,이번,주말,포함,증가,것,예상,말,실제,한국도로공사,연휴,첫날,일,만,대,차량,속,도로,이용,것,집계,코로나,사태,이전,연휴,명절,유사,수준,한국,도로공사,일,봄맞이,나,이동,욕구,증가,하루,평균,고속도,교통량,평소,만,대,것,예상,일,예상,교통량,만,대,추산,연휴,마지막,날,일,어린이,날,예상,교통량,만,대,여유,편,한국,도로공사,코로나,확산,월,일,이후,이번,황금연휴,교통량,시점,월,셋째,주,월,넷째,주,고속도,교통량,전년,대비,감소,주말,교통량,이상,한국,도로공사,관계자,대중,이용,철도,가족,단위,이동,수,개인,차량,코로나,판단,연휴,간,고속도,이용,확대,것,말,맹,하경,기자,김기중,기자
삼성전자,올해,분기,역대,최대,연구,개발,투자,비,집행,코로나,팬데,믹,세계,대유행,세계,불황,미래,성장,동력,집중,분석,일,삼성전자,분기,연구,개발비,조,억,원,기간,매출,조,억,원,분기,기준,삼성전자,설립,이래,최대,규모,국내,기업,압도,매출,대비,연구,개발비,비중,일,환산,하루,연구,개발비,억,원,시간,억,원,연구,개발비,눈,초,만,원,집행,추세,올해,연구,개발비,지난해,조,원,것,예상,삼성전자,연구,개발비,년,조,원,지,년,만,지난해,조원대,돌파,지난해,연구,개발비,조,억,원,집계,직전,분기,지난해,분기,영업,이익,조,억,원,점,감안,돈,이상,연구,개발,재투자,셈,삼성전자,연초,코로나,사태,등,유례,경기,연구,개발,투자,것,미래,먹거리,발굴,경쟁,업체,격차,격차,전략,결과,삼성전자,인공지능,세대,이동,통신,바이오,반도체,중심,자동차,전장,전자,장비,부품,대,차세대,성장,사업,선정,공,년,올해,부문,조,원,투자,이재용,삼성전자,부회장,올해,현장,행보,월,일,삼성전자,화성,사업장,반도체,연구소,과거,실적,미래,성공,보장,미래,먹거리,발굴,혁신,도전,당부,월,삼성,디스플레이,아산,사업장,방문,위기,이후,지혜,필요,말,삼성전자,최근,년,동안,미,양국,등록,특허,만,건,지난해,한국,건,미국,건,특허,등록,경영,환경,연구,개발,주력,결과,삼성전자,관계자,코로나,사태,주력,사업,경쟁력,제고,전략,투자,등,지속,성장,미래,준비,최선,것,말,심재현,기자
월,일,원격,교육,시범,학교,지정,서울,동대문구,휘,봉고,온라인,강의,시연,모습,이동근,기자,여고,골목,출몰,바바리,맨,온라인,무대,온라인,개학,이후,원격,수업,보편,학생,대상,성범죄,온라인,발생,국내,광주,고교,온라인,수업,불법,침입,시도,발생,조사,결과,공격자,특정,다수,참여,톡,방,온라인,수업,관련,인터넷,주소,아이디,패스워드,확보,성기,노출,영상,회의,솔루션,줌,침입자,수업,방해,행위,폭격,미국,초,중,고교,수업,도중,해커,침입,포르노,재생,줌,폭격,빈발,국내,온라인,수업,사고,발생,우려,원격,수업,등장,온라인,바바리,맨,학생,심리,충격,수업,중단,피해,오프라인,특정,다수,피해,수,장소,타인,성적,수치심,음란,행위,공연,음란죄,적용,처벌,년,이하,징역,만,원,이하,벌금,경우,강제,추행,죄,적용,온라인,바바리,맨,공연,음란죄,적용,이,원격,수업,권한,침입,사실,정보,통신망,용촉,정보,보호,등,법률,저촉,정보,통신망,법,조,음란,영상,등,배포,전시,행위,조,접근,권한,정보,통신망,침입,행위,금지,광주,지방,경찰청,사이버,수사대,최근,사건,관련,수사,착수,상태,정재욱,과학,기술,정보,통신부,사이버,침해,대응,과장,광주,사건,행위,형법,공연,음란죄,정보,통신망,법,개,조항,위배,소지,경찰,수사,이후,기소,형량,등,추후,최종,확정,것,말,위배,소지,조항,중,정보,통신망,법,조,위반,시,년,이하,징역,만,원,이하,벌금,조,년,이하,징역,만,원,이하,벌금,벌칙,규정,과기,정통부,교육부,사고,온라인,수업,보안,수칙,배포,바,영상,회의,방,보안,강화,것,보안,취약,영상,회의,애플리케이션,앱,이용,자제,것,백신,설치,것,출처,이메일,클릭,것,등,포함,오다,기자
전,전자,제공,전자,년,연속,분기,미국,월,풀,매출,영업,이익,전자,에어컨,성수기,효과,월,풀,미국,시장,의존도,때문,상반기,전자,가능,것,일,업계,월,분기,매출,억,만,달러,조,억,원,영업,이익,억,만,달러,억,원,공시,지난달,일,발표,전자,생활,가전,본부,분기,매출,조,억,원,영업,이익,억,원,전자,생활,가전,매출,억,원,영업,이익,억,원,영업,이익,영업,이익,전자,월,풀,배,영업,이익,월,풀,전자,생활,가전,전자,생활,가전,영업,이익,년,월,풀,세계,위,매출,양상,전자,생활,가전,매출,지난해,분기,처음,월,풀,분기,월,풀,분기,월,풀,연간,전자,매출,조,억,원,월,풀,매출,조,억,원,년,전자,생활,가전,매출,조,원,월,풀,조,원,조,원,차이,지난해,격차,조,원,올해,분기,전자,추월,업계,건조기,류관,리기,스타일러,등,가전,판매,프리미엄,가전,시장,성장세,월,풀,것,전자,프리미엄,제품,가전,성장,반면,월,수년,매출,조,원,수준,정체,올해,전자,월,풀,선두,자리,경쟁,구도,것,전망,지난해,상반기,전자,하반기,월,풀,선전,것,예상,가운데,신종,코로나,바이러스,감염증,코로나,영향,고환,변수,미국,의존도,월,풀,코로나,타격,상대,것,전망,미국,시장,비중,전자,수준,고환,전자,불리,요인,평가,환율,지금,수준,월,풀,달러,매출,원화,환산,수치,때문,강주,기자
서울,연합뉴스,이한승,기자,이동,통신사,신종,코로나,바이러스,감염증,코로나,확산,판매,부진,삼성전자,갤럭시,시리즈,판매,촉진,공시,지원금,삼성전자,갤럭시,삼성전자,제공,재판매,금지,텔레콤,일,갤럭시,시리즈,공시,지원금,만,천,원,만,원,인상,요금제,슬림,요금제,만,천,원,스탠다드,요금제,만,천,원,프라임,요금제,만,원,플래티넘,요금제,만,원,등,인상,공시,지원금,만,천,원,만,천,원,요금제,슬림,만,천,원,슈퍼,플랜,베이직,플러스,만,천,원,슈퍼,플랜,스페셜,플러스,만,천,원,슈퍼,플랜,프리미엄,플러스,만,천,원,등,유,플러스,공시,지원금,만,천,원,만,천,원,요금제,라이트,시니어,청소년,요금제,만,천,원,스탠다드,만,원,프리미어,레귤러,만,천,원,스마트,만,천,원,등,이동,통신사,공시,지원금,데,삼성전자,요청,것,때문,이번,공시,지원금,인상,일정,부분,삼성전자,자금,지원,것,삼성전자,시리즈,부진,만회,이동,통신사,공동,프로모션,등,제안,공시,지원금,상향,외,출고가,하나,가격,지원,방안,등,거론,것,이동,통신,업계,시리즈,전작,비교,때,수준,판매,것,추산,여기,삼성전자,시리즈,외,플립,폴,더블,폰,등,고가,제품,지원,제안,것,공시,지원금,인상,등,가격,지원,삼성전자,스마트폰,제품,확대,주목,이,별도,텔레콤,전자,공시,지원금,슬림,요금제,만,원,스탠다드,요금제,만,원,인상,반면,유,플러스,공시,지원금
리그,오브,레전드,동일,경험,기조,향후,오리지널,챔피언,추가,생각,데이브,거,스킨,라이엇,게임즈,시니어,게임,디자이너,자사,카드,게임,레전드,오브,테라,리그,오브,레전드,챔피언,설정,공유,동일,것,세계관,바탕,전략,카드,게임,챔피언,특징,카드,그,출시,기념,한국,기자,진행,화상,인터뷰,처음,공개,주년,행사,말,챔피언,경험,동일,유지,것,중요,만일,챔피언,변화,변화,고려,것,말,다양,스킨,콘텐츠,카드,것,논의,중,구체,계획,것,가능,탐색,단계,챔피언,이,수용,전망,챔피언,카드,카드,유기,연결,때문,챔피언,카드,변화,카드,대대,수정,수,때문,데이브,거,스킨,디자이너,게,합리,민중,말,밸런스,조정,상향,하향,동시,진행,방식,카드,변화,때,유저,느낌,것,때문,데이브,거,스킨,디자이너,수집,데이터,기반,달,번,밸런스,조정,예정,챔피언,카드,경우,철저,검토,관련,카드,변화,방식,진행,것,말,오리지널,챔피언,계획,질문,그,현재,챔피언,중,재미,챔피언,적용,앞,오리지널,챔피언,부분,논의,초기,단계,말,한편,월,일,모바일,정식,출시,이,신규,확장팩,파도,라이엇,게임즈,개월,확장팩,계획,데이브,거,스킨,디자이너,코로나,사태,영향,최대한,출시,일정,노력,다음,확장팩,올해,월,노력
라이엇,게임즈,카드,게임,레전드,오브,테라,일,정식,출시,리그,오브,레전드,세계관,바탕,전략,카드,게임,카드,수집,자신,덱,구성,유저,대결,게임,모바일,안드로이드,양쪽,플랫폼,크로스,플레이,지원,올해,월,버전,오픈,베타,공개,바,모바일,버전,경우,월,싱,폴,소프트,칭,진행,지역,이번,정식,출시,처음,베일,셈,앤드류,입,게임,디렉터,출시,전,한국,기자,진행,화상,인터뷰,싱,폴,앱,스토어,인기,위,차지,등,인기,요구,사양,최저,유지,경험,법,고품질,그래픽,구현,노력,모바일,버전,아이폰,안드로이드,이상,구동,개발,단계,모바일,경험,목표,개발,모바일,디바이스,성능,한계,메모리,관리,공,앤드류,입,디렉터,클라이언트,모바일,것,모바일,버전,개발,모바일,버전,기능,유저,게임,때,백그라운드,모바일,버전,데,노력,말,앱,사용,모바일,환경,고려,게임,전화,앱,사용,때,백그라운드,전환,앤드류,입,디렉터,실시간,전투,진행,중,때문,통화,강조,라이엇,게임즈,모바일,버전,한국,아시아,지역,인기,것,기대,앤드류,입,디렉터,버전,북미,유럽,것,모바일,버전,아시아,인기,것,예상,리그,오브,레전드,모바일,전략,팀,전투,기대
서울,신문,나우,뉴스,년,만,지구,혜성,최소,조각,이상,사실,관측,결과,일,현지,시간,미국,로스앤젤레스,캘리포니아,대학,등,공동,연구,팀,허블,우주망원경,관측,결과,혜성,개,이상,파편,분해,지난해,월,일,처음,존재,확인,미,항공우주국,지원,하,이대학,천문,연구소,소행성,충돌,경보,시스템,처음,포착,아틀라스,당초,아틀라스,월,밤하늘,초승달,눈,관측,가능,것,기대,월,중순,아틀라스,혜성,이후,시작,이,한국,천문,연구원,혜성,중심,밝기,타원,당초,예상,궤도,아틀라스,혜성,태양,것,추측,해석,일,일,허블,우주망원경,촬영,아틀라스,사진,해석,증거,사진,혜성,모습,확인,것,데이비드,교수,혜성,조각,태양,빛,크리스마스,트리,전등,것,조각,생성,것,수,설명,교수,혜성,사건,관측,것,년,번,정도,발생,만큼,사례,대부분,혜성,수,연구,팀,아틀라스,허블,우주망원경,관측,때,기준,지구,억,만,혜성,일부,다음,달,일,억,만,거리,지구,접근,것,한편,때,두려움,경이,대상,혜성,타원,포물선,궤도,정기,태양,주위,천체,말,소행성,차이점,소행성,바위,돌,등,구성,것,혜성,먼지,암석,물,성분,얼음,가스,때문,혜성,태양,접근,내부,성분,녹색,빛,등,꼬리,박종익,기자
지난달,일,오후,시,박원주,특허,청장,특허청,서울,사무소,주요,국,개,특허,청장,등,코로나,극복,국제,연대,방안,논의,원격,회의,특허청,제공,특허청,지난달,일,신종,코로나,바이러스,감염증,코로나,치료제,백신,개발,촉진,특허,활용,방안,논의,원격,회의,일,이날,회의,한국,포함,미국,중국,유럽,일본,인도,등,주요,개,특허,청장,프란시스,거리,세계,지식,재산,기구,총장,등,참석,자리,박원주,특허,청장,대표,발언,기존,특허,코로나,치료제,개발,장애,촉매제,인류,생명,보건,기여,수,강조,박,청장,코로나,관련,기존,의약품,특허,시장,적정,가격,거래,사용,수,라이선스,코로나,치료제,백신,개발,적극,활용,이,중심,특허,적극,협력,지적,지난달,일,일,원격,회의,주요,국,특허,청장,코로나,등,비상,상황,발생,시,제도,대처,방안,코로나,확산,이후,주요,국,특허,출원,동향,등,논의,박원주,특허,청장,이번,회의,포함,번,원격,회의,한국,특허청,코로나,해결,우리나라,노력,성과,진단,키트,워크,스루,등,관련,경험,노하우,공감,앞,우리,방역,모델,지재,분야,코로나,영향,최소,국제,노력,주도,참여,것,말,이준기,기자
년,월,일,랜드샛,위성,카리브해,바하마,섬,해변,나사,제공,우주,지구,풍경,지구,가치,미국,항공우주국,지구,사진,웹,사이트,나사,지구,관측소,개설,주년,기념,최고,지구,풍경,사진,지구,콘테스트,진행,결과,최근,발표,온라인,투표,라운드,토너먼트,방식,만,천,명,참가,가운데,이번,행사,영예,위,카리브해,섬나라,바하마,모래,해변,풍경,차지,주년,콘테스트,위,차지,사진,이번,최종,라운드,득표율,압도,선택,추상화,사진,년,월,일,랜드샛,위,것,수심,바하마,해안,모래,해초,초록색,바다,풍경,나사,바람,사하라사막,모래,언덕,조각,바하마,바다,조류,파도,색,조각품,설명,년,월,일,국제,우주,정거장,쿠릴열도,코,섬,화산,폭발,장면,위,우주,정거장,화산,폭발,마지막,라운드,바하마,사진,경합,위,일본,홋카이도,북동쪽,쿠릴열도,무인,라이코,케,섬,화산,폭발,장면,년,월,일,국제,우주,정거장,촬영,화산,분화,것,년,이후,년,만,나사,지구,관측소,년,월,온라인,둥지,이후,지금,만,개,사진,이야기,게시,곽노필,선임,기자,곽노필,미래,창
동아,장,현지,기자,파일,열,때,앱,프로그램,실행,불편,때,예,스마트폰,저장,파일,앱,앱,상황,등,말,링크,마찬가지,크롬,링크,자동,파이어폭스,등,브라우저,해당,경우,특정,앱,기본,설정,수,기본,앱,설정,과정,기본,앱,설정,과정,기본,앱,설정,과정,파일,열,때,해당,파일,연결,수,앱,개,중,원,연결,프로그램,선택,수,창,이때,프로그램,선택,후,형식,파일,해당,프로그램,기본,설정,것,기본,설정,삭제,방법,기본,설정,삭제,방법,기본,설정,삭제,방법,설정,후,애플리케이션,항목,선택,검색,수,애플리케이션,설치,애플리케이션,목록,정보,확인,수,여기,자동,연결,앱,예,기자,문서,파일,열,때,자동,실행,기본,문서,앱,뷰어,앱,상황,기본,문서,앱,여기,검색,수,기본,설정,삭제,방법,해당,앱,설정,정보,수,중,애플리케이션,설정,탭,기본,설정,항목,기본,설정,앱,기본,설정,표시,기본,설정,경우,해당,앱,일부,동작,기본,설정,상태,기본,설정,후,기본,설정,삭제,설정,초기,이후,파일,열,때,연결,프로그램,선택,수,창,원,앱,수,링크,기본,실행,기본,브라우저,앱,변경,방법,이번,링크,열,때,기본,실행,브라우저,변경,방법,설정,기본,앱,검색,브라우저,앱,기본,설정,수,브라우저,목록,중,원,앱,선택,글,동아,장,현지
동아,장,현지,기자,하이퍼텍스트,마크업,언어,약자,웹,문서,때,사용,웹,언어,우리,인터넷,서핑,대부분,웹,페이지,웹,서핑,파,일,명,확장자,파일,모바일,파일,열,때,오류,예시,이미지,모바일,파일,열,때,오류,예시,이미지,파일,경우,상황,수,이때,모바일,스마트폰,파일,이미지,오류,수,문제,해결,수,방법,가지,공유,브라우저,활용,예시,카톡,파일,실행,장면,예시,카톡,파일,실행,장면,브라우저,변경,일반,파일,선택,프로그램,실행,선택,수,이때,오류,브라우저,크롬,파이어폭스,돌핀,등,모바일,브라우저,파일,연결,프로그램,선택,후,해당,브라우저,기본,설정,브라우저,실행,것,번,선택,기존,파일,변경,브라우저,수,만약,연결,프로그램,설정,수,브라우저,변경,애플리케이션,설정,특정,브라우저,기본,설정,수,때문,경우,기본,연결,프로그램,초기,후,시도,해당,기사,참고,앱,활용,앱,사용,방법,이번,앱,활용,플레이,스토어,검색,뷰어,앱,이중,하나,선택,설치,기자,예시,앱,앱,사용,방법,대동소이,앱,실행,후,오른쪽,상단,파일,모양,버튼,파일,저장,위치,파일,선택,이미지,정상,열림,이미지,정상,열림,파일,소스,수,여기,오른쪽,상단,웹,모양,지구,모양,버튼,문서,형태,페이지,기존,파일,때,오류,이미지,실행,것,비교,앱,정상,것,확인,수,급여,명세서,가능,카드,명세서,급여,명세서,전자,세금,계산서,등,대표,확장자,파일,위,방법,명세서,스마트폰,확인,수,수,자료,보안,때문,비밀,번호,입력,다음,단계,비밀,번호,입력,다음,단계,이미지,손상,등,파일,것,가능,보안,파일,비밀,번호,자료,비밀,번호,입력,후,페이지,명세서,내역,조회,가능,모바일,브라우저,앱,사용,단계,다음,화면,정리,파일,정상,때,뷰어,앱,브라우저,변경,해결,수,명세서,등,비밀,번호,보안,파일,파일,것,가능,하나,명세서,내역,확인,수,모바일,명세서,확인,상황,보안,설정,파일,전송,모바일,명세서,지원,서비스,활용,것,방법,수,글,동아,장,현지
인포섹,법무법인,율촌,일,오후,시,쇼,가명,정보,안전,활용,데이터,법,완벽,해부,방송,데이터,법,월,시행,앞,데이터,법,핵심,가명,정보,활용,부,가치,창출,시대,정보,보안,기업,인포섹,법무법인,율촌,가명,정보,안전,활용,우리,기업,법률,고려,사항,주요,쟁점,데이터,법,중요,개인,정보,관리,기술,보호,조치,소개,웨비,나,무료,쇼,사이트,사전,등록,김인순,기자
홈페이지,캡처,분기,전,세계,스마트폰,시장,코로나,바이러스,직격탄,가운데,삼성전자,시장,점유,차지,위,자리,일,현지,시각,시장,조사,업체,트래,티지,애널리,분기,전,세계,스마트폰,출하량,억,만,대,년,전,억,만,대,줄,코로나,바이러스,감염,국가,사회,거리,두기,시행,사람,야외,활동,대리점,기반,스마트폰,오프라인,판매,폭,감소,때문,코로나,중국,내,아이폰,공장,인도,삼성전자,스마트폰,공장,가동,등,생산,차질,것,영향,월,중국,내,코로나,바이러스,상황,진정,스마트폰,판매량,미국,유럽,코로나,사태,판매,부진,상황,분기,세계,스마트폰,출하량,실적,통계,집계,이후,최악,성적표,코로나,사태,전체,스마트폰,시장,가운데,시장,위,삼성전자,차지,삼성전자,분기,만,대,판매,시장,점유,위,자리,년,전,만,대,판매량,감소,수치,년,중,분기,판매량,닐,모스,톤,전무,삼성전자,갤럭시,시리즈,노트,시리즈,등,라인업,코로나,팬데,믹,상황,수,위,만,대,화웨이,화웨이,분기,판매량,작년,분기,감소,시장,점유,위,애플,판매량,작년,감소,만,대,시장,점유,작년,포인트,상승,화웨이,중국,지배,위치,애플,출시,중저가,폰,아이폰,인도,등,신흥,시장,판매,증가세,것
삼성,갤럭시,제품,이미지,사진,제공,삼성,텔레콤,유,플러스,등,동통,사,삼성전자,갤럭시,시리즈,공시,지원금,최대,만,원,일부,요금제,구간,약정,인,공시,지원금,선택,편,유리,일,이동,통신업,텔레콤,갤럭시,시리즈,공시,지원금,최저,만,원,최대,만,원,기존,지원금,최저,만,원,최대,만,원,고객,가입,프라임,월,만,원,기준,만,원,만,원,지원금,상향,요금,할인,선택,편,할인,가격,프라임,기준,선택,요금,할인,개월,동안,만,원,할인,슬림,월,만,원,구간,만,원,슈퍼,플랜,프리미엄,플러스,월,만,원,만,원,지원금,확대,주력,요금제,슈퍼,플랜,베이직,월,만,원,공시,지원금,기존,만,원,만,원,유,플러스,사,가운데,공시,지원금,최저,만,원,최대,만,원,지원금,라이트,월,만,원,스탠다드,월,만,원,스마트,월,만,원,등,요금제,약정,인,공시,지원금,할인,규모,월,말,출시,갤럭시,시리즈,코로나,여파,소비,심리,판매,부진,업계,갤럭시,판매량,전작,갤럭시,수준,것,추정,전작,가격,소비자,부담,작용,여기,공시,지원금,전작,시리즈,절반,업계,관계자,이날,이번,황금연휴,기간,판매량,지원금,아이폰,갤럭시,등,신작,통업,활력,말,김주현,기자
벨벳,오로라,그레이,화이트,추정,사진,트위터,전자,전략,폰,벨벳,일,온라인,공개,제품,실기,사진,등장,실제,제품,사진,공개,이번,처음,지난달,일,현지,시각,베트남,트위터,리안,성충,벨벳,미국,출시,것,제품,실물,사진,자신,트위터,게재,그,듀얼,스크린,실물,사진,공개,바,공개,사진,제품,오로라,그레이,오로라,화이트,종,추정,후면,물방울,카메라,일,위,카메라,모습,확인,화면,전면,노치,화면,홀,디스플레이,적용,듯,착각,화면,상태,베젤,테두리,두께,확인,후면,커버,분해,사진,무선,충전,코일,배터리,내부,기판,디자인,등,확인,사진,유출,이용자,벨벳,적용,아크,디자인,삼성전자,갤럭시,노트,노트,말,벨벳,후면,커버,분해,모습,사진,트위터,벨벳,인치,크기,화면,비,후면,카메라,만,화소,표준,카메라,만,화소,초,광각,카메라,만,화소,심도,카메라,등,트리플,개,구성,애플리케이션,프로세서,퀄컴,스냅드래곤,탑재,밀리암페어,시,배터리,적용,전자,벨벳,공개,행사,일,영상,온라인,발표,제품,디자인,패션쇼,형식,예정,이날,시,전자,공식,유튜브,페이스북,시청,수,제품,이달,일,출시,출고가,만,원,유력시,벨벳,전용,듀얼,스크린,사진,트위터,박효주,기자
광주,전라남도,과학,기술,정보,통신부,조원대,초대,국책,사업,다목,방사광,가속기,유치,계획서,제출,유치,계획서,방사광,가속기,전남,나주,유치,전북,시작,광주,전남,경남,자형,첨단,과학,비지니스,벨트,구축,등,지역,균형발전,기여,계획,전남,강원,춘천,경북,포항,충북,오창,등,유치,전,다음,달,일,발표,평가,일,순위,지역,현장,방문,평가,예정,김애린,기자
이명자,씨,별세,김경만,펄,어비스,최고,사업,책임자,모친상,분당,서울대,병원,장례식장,호실,발인,일,오전,시,부,애리,기자
지디,넷,코리아,황정,기자,신종,코로나,바이러스,감염증,코로나,세계,스마트폰,출하량,급감,것,글로벌,시장,조사,업체,트래,티지,애널리,일,분기,전,세계,스마트폰,출하량,전년,동기,대비,감소,린다,수이,전략,분석,담당자,코로나,바이러스,두려움,중국,주요,경제,국,셧다운,쇼핑객,지출,계획,보류,스마트폰,수요,분기,분석,분기,스마트폰,출하량,억,천,만,대,삼성,천,만,대,비중,차지,뒤,화웨이,천,만,대,애플,천,만,대,샤오미,천,만,대,오,포,천,만,대,삼성,전년,동기,스마트폰,출하량,감소,화웨이,애플,감소,삼성,이번,분기,스마트폰,출하량,년,동안,수,것,삼성,분기,전년,동기,점유,차지,위,기록,화웨이,전년,동기,감소,차지,닐,모스,전무,삼성,갤럭시,갤럭시,갤럭시,노트,시리즈,모델,라인업,코로나,주도,스마트폰,수요,급락,수,삼성,글로벌,시장,점유,이상,유지,세계,최고,스마트폰,브랜드,말,화웨이,미,중,무역,전쟁,코로나,분기,스마트폰,점유,유지,애플,샤오미,전년,동기,증가,점유,차지,전략,분석,담당,이사,우디,애플,세계,스마트폰,시장,점유,년,새,애플,인도,신흥,시장,가격,입지,확보,아이폰,모델,앞,달,동안,볼륨,것,린다,수이,전략,분석,담당자,샤오미,거대,인도,시장,장악,때문,스마트폰,출하량,분석,성장,글로벌,스마트폰,시장,점유,위,차지,오포,레노,인지도,모델,서유럽,지역,확장,최근,달,동안,미국,스마트폰,시장,미국,오포,포트폴리오,전략,핵심,격차,황정,기자
파이낸셜,뉴스,현대,손잡고,디자인,성능,향상,세대,호텔,로봇,봇,일,엔,봇,서울,노보,텔,앰배서더,서울,동대문,호텔,레지,던스,수,모델,세대,호텔,로봇,봇,소개,제공,지니,호텔,로봇,년,월,국내,최초,인공지능,호텔,노보,텔,앰배서더,동대문,호텔,로봇,공간,맵,핑,자율,주행,등,첨단,정보,통신,기술,적용,호텔,투숙객,수건,생수,등,편의,용품,요청,객실,배달,이번,현대,봇,공동,개발,세대,호텔,로봇,유선,디자인,눈,반면,적재함,기존,대비,배,호텔,용품,수,무엇,로봇,모터,바퀴,등,과학,설계,개선,이동,속도,충돌,상황,회피,등,주행,안정,배터리,성능,향상,기존,이상,사용,수,노보,텔,앰배서더,동대문,호텔,동,개,객실,세대,호텔,로봇,활용,객실,서비스,제공,향후,단순,반복,작업,호텔,로봇,투입,호텔,서비스,질,계획,개월,간,지니,호텔,로봇,심야,시간,운영,투숙객,호평,코로나,택트,서비스,선호,가운데,이번,세대,호텔,로봇,투숙객,이용,것,예상,세대,호텔,로봇,투숙객,요청,객실,용품,생수,수건,칫솔,보디,워시,샴푸,순,요청,시간,밤,시,사이,김,채희,사업,본부,장,상무,코로나,서비스,선호,가운데,이번,세대,호텔,로봇,활용,택트,서비스,호평,것,봇,식음료,오,피스,등,다양,분야,적용,고객,생활,편리,말,서영준,기자
유비소프트,엔터,테,인먼,자사,액션,어드벤처,게임,어쌔신,크리드,발할라,올해,말,출시,예정,일,어쌔신,크리드,발할라,윈도우,게임즈,스토어,유비소프트,스토어,플레이,스테이션,플레이,스테이션,엑스,박스,시리즈,엑스,박스,원,스타,디아,등,플랫폼,게임,잉글랜드,암흑시대,배경,이용자,전투,번영,이야기,야성,바이킹,전사,이보르,여정,신,장소,확보,적,습격,정착지,개척,퀘스트,정치력,등,콘텐츠,추가,크리에이티브,디렉터,슈라프,이스마일,게임,바이킹,습격,종족,지도자,이보르,입장,잉글랜드,지배,권력,투쟁,바이킹,갈등,이해,수,것,말,다니엘,기자
일,국내,신종,코로나,바이러스,감염증,코로나,확진,명,추가,발생,국내,지역,사회,발생,명,나머지,명,해외,유입,사례,중앙,방역,대책,본부,이날,시,기준,코로나,확진,전날,시,명,만,명,집계,신규,확진,명,중,명,해외,유입,사례,중,명,공항,검역,과정,확인,나머지,명,서울,명,인천,명,경기,명,지역,사회,확진,판정,명,지역,사회,발생,경북,이날,시,기준,코로나,확진,중,사망자,전날,명,명,집계,사망자,경기도,명지,병원,입원,치료,중,환자,완치,격리,해제,확진,명,명,국내,완치,격리,상태,치료,중,확진,명,김수연,기자
창원,앵커,경남,경제,숙원,재료연구소,원,승격,법안,국회,통과,경상남도,창원시,승격,재료,연구원,중심,첨단,소재,융,복합,산업,경남,제조업,혁신,중심,것,포부,천,현수,기자,보도,리포트,대,국회,막바지,본회,한국,재료,연구원,신설,법안,통과,이,과학,기술,정보,통신부,산하,한국기계연구원,부설,재료연구소,명칭,한국,재료,연구원,독립,재료연구소,년,역사,속,국내,대표,소재,전문,연구,기관,성장,부설,기관,한계,예산,인력,연구,자율,제약,독자,연구,수행,수,이정환,재료연구소,소장,제,우리,나라,생각,것,인류,이바지,연구,수행,기여,재료,연구원,원,승격,노력,년,관련,법안,발의,시작,지난해,일본,무역,규제,조치,재료,소재,분야,국산화,열망,원,승격,유리,국면,조성,경남,경제,숙원,것,창원시,재료,연구원,승격,대비,연구원,터,마련,허성무,창원,시장,진해,개발,육대,부지,제조,소재,개발,몰두,수,창원시,행정,지원,계획,재료연구소,자동차,항공기,반도체,차세대,디스플레이,연료전지,인공,장기,인공,관절,등,핵심,소재,기술,개발,주력,이번,원,승격,경남,제조,산업,세계,중심지,소재,산업,강국,성장,걸음,뉴스,천,현수,천,현수,기자
파이낸셜,뉴스,텔레콤,프로,야구,개막,일,시작,와이번스,개막,연전,이브,직관,야구,채널,중계,일,텔레콤,모델,직관,야구,홍보,텔레콤,제공,텔레콤,프로,야구,코로나,무관,중,진행,그간,개막,야구,팬,야구장,관람,듯,현장감,수,이번,서비스,준비,텔레콤,직관,야구,시청자,최대,개,시점,경기,관람,수,멀티,뷰,서비스,기본,중계,화면,전광판,화면,투수,타자,클로즈업,화면,투구,타격,분석,화면,치어리더,직,캠,선수,직,캠,등,경기장,다양,모습,화면,수,이,시청자,중계,화면,멀티,뷰,화면,실시간,전환,원,장면,자유,선택,시청,수,실제,야구장,경기,관람,듯,현장감,수,텔레콤,와이번스,협업,원석,중계,시청자,집,응원,경기,중,이벤트,참여,수,등,일반,중계,화면,수,경험,제공,예정,직관,야구,중계,텔레콤,개발,에스,타일,기술,가능,에스,타일,복수,영상,스마트폰,화면,자유,분리,조합,기술,개,영상,시간,오,차,중계,관람,시점,변경,시,화면,로딩,등,지연,발생,직관,야구,에스,타일,기술,프로,스포츠,생중,적용,최초,사례,텔레콤,추후,다양,분야,생중,해당,기술,적용,계획,김혁,텔레콤,미디어,사업,그룹,장,직관,야구,야구,중계,티뷰,기술,도입,팬,실제,야구장,관람,듯,경험,제공,것,목적,앞,미디어,기술,활용,콘텐츠,제작,택트,시대,고객,즐거움,선사,것,말,서영준,기자
식품,약,품안,전처,일,신종,코로나,바이러스,감염증,코로나,진단,시약,체외,진단,의료,기기,관리,제정,체외,진단,의료기,기법,시행,체외,진단,의료기,기법,진단,결과,공중,보건,등,영향,등급,분류,맞춤,허가,인증,신고,체계,구분,관리,임상,성능,시험,기반,확대,등,내용,체외,진단,의료,기기,안전,관리,수준,순서,등급,등급,개,등급,등급,의료,기기,사용,진단,결과,개인,공중,보건,잠재,위해,등,고려,지정,등급,분류,등급,허가,등급,인증,등급,신고,등,맞춤,허가,심사,구분,관리,허가,인증,때,제품,성능,확인,수,분석,성능,시험,임상,성능,시험,구체,안전성,유효,영향,변경,사항,사후,보고,방식,신속,제품,출시,수,지원,의료,기관,혈액원,과,대학,검체,수탁,분석,기관,등,임상,성능,시험,기관,지정,등,임상,성능,시험,기반,확대,의료,기관,유전자,검사,기관,차세대,염기,서열,분석,체외,진단,검사,인증,시행,인증,검사,사용,체외,진단,의료,기기,허가,절차,면제,처,진단,등,예방,중심,질병,치료,패러다임,변경,인체,사용,일반,의료,기기,혈액,소변,등,검체,대상,체외,진단,의료,기기,특성,반영,년,월,일,의료기,기법,체외,진단,의료기,기법,분리,제정,유럽연합,등,주요,선진국,체외,진단,의료,기기,별도,법령,체계,운영
뉴스,안희권,기자,애플,코로나,여파,속,시장,기대치,분기,년,월,매출,순익,분기,시장,상황,투명,주가,장외거래,하락,팀,쿡,애플,최고,경영자,월,말,영업,중단,조치,월,소비,위축,월,상황,개선,월,이,중국,정상,말,애플,한국,중국,홍콩,등,오프라인,매장,단계,개장,이,분기,중국,매출,억,천만,달러,전년,억,달러,감소,반면,회사,매출,억,달러,전년,억,달러,증가,시장,기대치,억,달러,주당,이익,달러,전년,달러,소폭,개선,시장,기대치,달러,애플,코로나,여파,속,시장,기대치,매출,순익,팀,애플,출처,애플,분기,순익,억,천만,달러,년,전,억,천만,달러,소폭,하락,이,애플,분기,투명,시장,환경,고려,억,달러,매입,계획,발표,애플,주력,사업,아이폰,매출,억,달러,전년,억,달러,감소,이,오프라인,매장,영업,중단,온라인,위주,제품,판매,때문,분석,클라우드,서비스,아이,클라우드,애플뮤직,애플,플러스,등,포함,서비스,사업,부문,매출,억,달러,년,전,애플,워치,에어,팟,등,포함,기타,제품,매출,억,달러,시장,기대치,억,달러,소식,이날,애플,주가,소폭,상승,장외거래,다음,분기,시장,리스크,부각,주가,하락,안희권,기자
웨이브,직관,야구,채널,프로,야구,중계,텔레콤,일,시작,프로,야구,와이번스,개막,연전,회사,온라인,동영상,서비스,웨이브,직관,야구,채널,중계,일,프로,야구,신종,코로나,바이러스,확산,무관,중,텔레콤,프로,야구,개막,야구팬,야구장,아쉬움,수,관람,듯,현장감,수,서비스,준비,직관,야구,시청자,최대,개,시점,경기,관람,수,멀티,뷰,서비스,기본,중계,화면,전광판,화면,투수,타자,클로즈업,화면,투구,타격,분석,화면,치어리더,직,캠,선수,직,캠,등,경기장,다양,모습,화면,수,시청자,중계,화면,멀티,뷰,화면,실시간,전환,원,장면,자유,선택,시청,수,이,실제,야구장,경기,관람,듯,현장감,수,것,텔레콤,설명,회사,와이번스,협업,원석,중계,시청자,집,응원,경기,중,이벤트,참여,수,등,일반,중계,화면,수,경험,제공,예정,직관,야구,서비스,텔레콤,세대,이동,통신,콘텐츠,개발,에스,타일,기술,적용,개,영상,스마트폰,화면,자유,분리,조합,기술,개,영상,시간,오,차,중계,관람,시점,변경,때,화면,로딩,지연,발생,텔레콤,직관,야구,에스,타일,기술,프로,스포츠,생중,적용,최초,사례,앞,분야,생중,기술,적용,계획
텔레콤,프로,야구,개막,일,시작,와이번스,개막,연전,이브,직관,야구,채널,중계,일,직관,야구,시청자,최대,개,시점,경기,관람,수,멀티,뷰,서비스,기본,중계,화면,전광판,화면,투수,타자,클로즈업,화면,투구,타격,분석,화면,치어리더,직,캠,선수,직,캠,등,경기장,다양,모습,화면,수,텔레콤,제공,뉴스,서울,뉴스,강은성,기자,신종,코로나,바이러스,감염증,코로나,프로,야구,관중,개막,가운데,세대,통신,기술,활용,영상,콘텐츠,직관,관람,아쉬움,수,서비스,텔레콤,일,프로,야구,개막,와이번스,개막,연전,온라인,동영상,서비스,웨이브,직관,야구,채널,중계,서비스,그간,개막,야구,팬,야구장,직관,듯,현장감,수,것,특징,최대,개,시점,경기,관람,수,멀티,뷰,서비스,제공,투수,타자,클로즈업,화면,투구,타격,분석,화면,치어리더,직,캠,선수,직,캠,기본,중계,화면,전광판,화면,등,경기장,다양,모습,수,시청자,중계,화면,멀티,뷰,화면,실시간,전환,원,장면,자유,선택,시청,수,실제,야구장,경기,관람,듯,현장감,수,텔레콤,와이번스,협업,응원석,중계,시청자,집,응원,경기,중,이벤트,참여,수,일반,중계,시청,경험,수,이번,직관,야구,중계,텔레콤,개발,한,스타일,기술,가능,스타일,개,영상,스마트폰,화면,자유,분리,조합,기술,개,영상,시간,오,차,중계,관람,시점,변경,시,화면,로딩,등,지연,발생,직관,야구,에스,타일,기술,프로,스포츠,생중,적용,최초,사례,텔레콤,추후,다양,분야,생중,해당,기술,적용,계획,김혁,텔레콤,미디어,사업,그룹,장,직관,야구,야구,중계,티뷰,기술,도입,팬,실제,야구장,관람,듯,경험,제공,것,목적,앞,미디어,기술,활용,콘텐츠,제작,택트,시대,고객,즐거움,선사,것,말
울산광역시,청사,전경,울산,시,제공,재판매,금지,울산,연합뉴스,장영,기자,울산시,울산,정보,산업,흥원,억,천만,원,투입,지역,소프트웨어,서비스,사업,지원,일,내년,진행,지역,소프트웨어,서비스,사업,지원,사업,지역,소프트웨어,기업,경쟁력,강화,지역,경제,활성,목표,지역,강소,소프트웨어,기업,초기,스타트업,기업,소프트웨어,서비스,사업,시장,진출,등,지원,사업,선정,개,과제,국비,억,원,지방비,억,원,등,억,천만,원,투입,선정,과제,딥,러닝,활용,수질,예측,인공지능,개발,기반,초,고해상도,디지털,병리,스캐너,시스템,개,울산,정보,산업,흥원,최근,과제,착수,보고회,딥,러닝,활용,수질,예측,개발,과제,관련,딥,러닝,엔진,사전,학습,진행,현황,측정,장비,시제품,개발,방향,해외,진출,사업,전략,공유,기반,초,고해상도,디지털,병리,스캐너,시스템,과제,관련,제품,포로,타입,개발,상황,사업,전략,공유,디지털,이미지,획득,시스템,시장,진입,가능,논의,장광수,울산,정보,산업,흥원,원장,선정,과제,차,산업,혁명,시대,핵심,기술,인공지능,환경,의료,산업,적용,사업,의미,말
지디,넷,코리아,양태훈,기자,올해,글로벌,반도체,시장,신종,코로나,바이러스,감염증,세계,확산,여파,역,성장,것,전망,일,시장,조사,업체,디아,보고서,올해,글로벌,반도체,시장,규모,코로나,여파,전년,대비,감소,것,전망,이,메모리,반도체,제외,전망,메모리,포함,전체,반도체,시장,규모,전년,대비,천,억,달러,조,원,전망,디아,올해,글로벌,반도체,시장,규모,매출액,기준,전년,대비,가량,성장,것,예측,바,자료,옴,디아,옴,디아,측,코로나,영향,세계,경기,둔화,예상,일본,경기,침체,상태,진입,미국,유럽,경기,둔화,것,예측,코로나,공급,망,구성,요소,악영향,옴,디아,코로나,인공,호흡기,등,의료,제품,사용,의료,반도체,시장,규모,올해,억,달러,작년,가량,것,옴,디아,인공,호흡기,출하량,올해,만,천,대,전년,만,대,대비,가량,전망,의료,인공호흡기,개,마이크,컨트롤러,모터,컨트롤러,터치,스크린,인터페이스,무선,연결,기능,전자,제어,시스템,적용,코로나,문제,해결,출하량,올해,반도체,소비,주도,의료,반도체,부문,고령,원격,의료,사용,증가,휴대,웨어,러블,기기,이동,증가,이후,전체,반도체,시장,성장,것,설명,양태훈,기자
일,오후,대구시,중구,계명,대학교,대구,동산,병원,의료진,코로나,환자,입원,병동,교대,근무,파이팅,연합뉴스,질병관리본부,중앙,방역,대책,본부,일,오전,시,전일,시,대비,확진,환자,명,추가,확인,신규,확진,명,중,해외,유입,사례,명,국내,지역,발생,명,해외,유입,사례,중,명,국내,입국,과정,중,검역소,확진,나머지,명,수도,서울,명,인천,명,경기,명,확인,지역,발생,환자,경북,명,일,일,신규,확진,수,일,명,일,명,일,명,일,명,일,명,일,명,일,명,일,명,일,명,일,명,일,명,일,명,기록,현재,국내,코로나,누적,확진,수,만,명,중,해외,유입,사례,명,집계,내국,비율,완치,격리,해제,확진,명,추가,명,완치,현재,코로나,관련,사망자,명,전날,공식,통계,대비,명,이날,국내,누적,만,건,코로나,진단,검사,시행,명,검사,결과,정현정,기자
